Species,E, 
,,
C-1,-3770.10331,
C-1_benzoquinone,-4151.572072,
C-2,-3834.253095,
C-2_benzoquinone,-4215.718736,
benzoquinone,-381.4599501,